grid_cell,sentiment_mean,sentiment_count,sentiment_std
0.0000_0.0000,0.15,1,0.0
32.0000_-86.0000,0.023167539267015706,382,0.05535538434588935
32.2600_-86.3700,0.075,2,0.10606601717798213
32.2650_-86.3600,0.0,2,0.0
32.2650_-86.3650,0.049999999999999996,3,0.08660254037844387
32.2700_-86.3550,0.0,6,0.0
32.2700_-86.3600,0.03333333333333333,9,0.06614378277661477
32.2700_-86.3700,0.15,1,0.0
32.2700_-86.3750,0.0,1,0.0
32.2750_-86.3300,0.02142857142857143,7,0.056694670951384085
32.2800_-86.3100,0.0,1,0.0
32.2800_-86.3300,0.0,8,0.0
32.2800_-86.3900,0.15,1,0.0
32.2800_-86.3950,0.0,1,0.0
32.2850_-86.1800,0.0,1,0.0
32.2850_-86.1850,0.125,6,0.06123724356957945
32.2850_-86.2450,0.075,8,0.08017837257372731
32.2850_-86.2600,0.0375,24,0.0663488802697037
32.2850_-86.2650,0.09078947368421052,38,0.08208043447765019
32.2850_-86.3100,0.15,1,0.0
32.2850_-86.3750,0.0,3,0.0
32.2850_-86.3800,0.0,2,0.0
32.2850_-86.3850,0.075,4,0.08660254037844387
32.2850_-86.3900,0.049999999999999996,3,0.08660254037844387
32.2850_-86.3950,0.0,1,0.0
32.2900_-86.1800,0.15,5,0.0
32.2900_-86.1850,0.10909090909090909,11,0.07006490497453707
32.2900_-86.1900,0.014999999999999998,30,0.0457692864944047
32.2900_-86.1950,0.04615384615384615,13,0.0720576692122892
32.2900_-86.2000,0.075,16,0.07745966692414834
32.2900_-86.2200,0.049999999999999996,3,0.08660254037844387
32.2900_-86.2250,0.125,6,0.06123724356957945
32.2900_-86.2300,0.03333333333333333,9,0.1
32.2900_-86.2400,0.0,1,0.0
32.2900_-86.2450,0.07083333333333333,36,0.08398554297360604
32.2900_-86.2500,0.0,1,0.0
32.2900_-86.2550,0.09999999999999999,6,0.07745966692414834
32.2900_-86.2600,0.01875,8,0.053033008588991064
32.2900_-86.2650,0.01875,8,0.05303300858899107
32.2900_-86.2700,0.04285714285714286,7,0.07319250547113999
32.2900_-86.2750,0.075,4,0.08660254037844387
32.2900_-86.3750,0.0,2,0.0
32.2900_-86.3800,0.02142857142857143,35,0.05325537018725448
32.2900_-86.3850,0.045,10,0.10124228365658294
32.2900_-86.3900,0.0409090909090909,11,0.07006490497453707
32.2900_-86.4150,0.0,2,0.0
32.2950_-86.1950,0.04,60,0.06689227362847251
32.2950_-86.2000,0.075,10,0.10606601717798214
32.2950_-86.2150,0.05357142857142857,14,0.07458677371482703
32.2950_-86.2200,0.09545454545454546,44,0.07983863217866821
32.2950_-86.2250,0.03631578947368421,95,0.0681995294109138
32.2950_-86.2300,0.04054054054054054,37,0.06753377533361223
32.2950_-86.2350,0.06999999999999999,90,0.07854004918411177
32.2950_-86.2400,0.06265822784810127,79,0.08528547627518933
32.2950_-86.2450,0.045,20,0.07052435189724408
32.2950_-86.2500,0.0625,24,0.07554152327780023
32.2950_-86.2550,0.06666666666666667,126,0.07720103626247513
32.2950_-86.2700,0.0,1,0.0
32.2950_-86.2750,0.0,13,0.0
32.2950_-86.3050,0.0,3,0.0
32.2950_-86.3400,0.06489361702127659,141,0.07458089588088315
32.2950_-86.3450,0.09642857142857143,126,0.0721605353163546
32.2950_-86.3500,0.0923076923076923,13,0.07595545253127499
32.2950_-86.3800,0.06,5,0.08215838362577492
32.2950_-86.3900,0.0,3,0.0
32.3000_-86.1900,0.15,4,0.1224744871391589
32.3000_-86.1950,0.0375,16,0.08660254037844385
32.3000_-86.2000,0.09375,8,0.07763237542601485
32.3000_-86.2050,0.09999999999999999,3,0.08660254037844387
32.3000_-86.2100,0.02142857142857143,7,0.056694670951384085
32.3000_-86.2150,0.04411764705882353,17,0.07045023274707933
32.3000_-86.2200,0.09310344827586206,29,0.074070596068686
32.3000_-86.2250,0.08671875,64,0.0746644278469626
32.3000_-86.2300,0.08891752577319588,194,0.07388805004843794
32.3000_-86.2350,0.033720930232558136,129,0.06286232187588926
32.3000_-86.2400,0.05437499999999999,80,0.07256326353734288
32.3000_-86.2450,0.03479381443298969,194,0.06347623081625879
32.3000_-86.2500,0.05701357466063348,221,0.07297661391519449
32.3000_-86.2550,0.12,5,0.0670820393249937
32.3000_-86.2600,0.0698019801980198,202,0.07500554139422234
32.3000_-86.2650,0.0410828025477707,157,0.0671066852284613
32.3000_-86.2700,0.08039999999999999,125,0.07748464988461864
32.3000_-86.2750,0.06346153846153846,104,0.07734388260393277
32.3000_-86.3100,0.0,4,0.0
32.3000_-86.3400,0.07125,200,0.07804738607001396
32.3000_-86.3450,0.06832740213523131,281,0.07590204869726037
32.3000_-86.3500,0.060431654676258995,139,0.07601363820801514
32.3000_-86.3750,0.0,2,0.0
32.3000_-86.3950,0.0,1,0.0
32.3000_-86.4450,0.0,1,0.0
32.3050_-86.1150,0.075,4,0.08660254037844387
32.3050_-86.1400,0.049999999999999996,3,0.08660254037844387
32.3050_-86.1450,0.02195121951219512,41,0.05367585640654101
32.3050_-86.1500,0.016666666666666666,9,0.05
32.3050_-86.1600,0.01,15,0.03872983346207417
32.3050_-86.1700,0.0,1,0.0
32.3050_-86.1900,0.09999999999999999,3,0.08660254037844387
32.3050_-86.1950,0.049999999999999996,9,0.075
32.3050_-86.2000,0.053684210526315786,95,0.07863263130206899
32.3050_-86.2100,0.0,5,0.0
32.3050_-86.2150,0.056249999999999994,8,0.07763237542601485
32.3050_-86.2200,0.07241379310344828,29,0.07628214415734116
32.3050_-86.2250,0.06153846153846154,195,0.07704391777202256
32.3050_-86.2300,0.07689075630252101,119,0.07529318850907986
32.3050_-86.2350,0.08639999999999999,125,0.07442684219224725
32.3050_-86.2400,0.08478260869565217,46,0.07518094115561123
32.3050_-86.2450,0.057692307692307696,26,0.07442084075352506
32.3050_-86.2500,0.042993630573248405,157,0.06804471538998218
32.3050_-86.2550,0.0624,125,0.07896916507256528
32.3050_-86.2600,0.05436241610738255,298,0.07222600283174936
32.3050_-86.2650,0.06333333333333334,180,0.07429369470302104
32.3050_-86.2700,0.05192307692307692,26,0.07277467860563759
32.3050_-86.2750,0.075,2,0.10606601717798213
32.3050_-86.2850,0.0,2,0.0
32.3050_-86.3050,0.029508196721311473,61,0.06012282510295616
32.3050_-86.3350,0.07578947368421052,95,0.07539370349250518
32.3050_-86.3400,0.06376021798365122,367,0.07589197994990893
32.3050_-86.3450,0.07231270358306188,307,0.07507421122484581
32.3050_-86.3500,0.07025316455696203,79,0.07532791023498536
32.3050_-86.3650,0.0,3,0.0
32.3050_-86.3750,0.15,1,0.0
32.3050_-86.3800,0.0375,4,0.07500000000000001
32.3050_-86.3900,0.0,5,0.0
32.3050_-86.3950,0.08571428571428572,28,0.08591246929842246
32.3050_-86.4050,0.0,4,0.0
32.3050_-86.4100,0.15,1,0.0
32.3050_-86.4150,0.0,3,0.0
32.3100_-86.0950,0.0,1,0.0
32.3100_-86.1150,0.01875,8,0.053033008588991064
32.3100_-86.1300,0.0,157,0.0
32.3100_-86.1350,0.075,8,0.08017837257372731
32.3100_-86.1400,0.024999999999999998,48,0.0564932682866032
32.3100_-86.1450,0.02142857142857143,28,0.05345224838248489
32.3100_-86.1800,0.0,5,0.0
32.3100_-86.1850,0.012,25,0.04153311931459037
32.3100_-86.1900,0.04285714285714286,7,0.07319250547113998
32.3100_-86.1950,0.06705882352941177,85,0.0785102894289563
32.3100_-86.2000,0.01,15,0.03872983346207417
32.3100_-86.2050,0.0,3,0.0
32.3100_-86.2100,0.05094339622641509,53,0.07171696910407327
32.3100_-86.2150,0.1,30,0.07191949522280763
32.3100_-86.2200,0.12,65,0.06046693311223913
32.3100_-86.2250,0.10702479338842975,726,0.06922400972474105
32.3100_-86.2300,0.049999999999999996,3,0.08660254037844387
32.3100_-86.2350,0.09,25,0.075
32.3100_-86.2400,0.055778894472361805,199,0.07422509688004757
32.3100_-86.2450,0.056249999999999994,152,0.07285849934738102
32.3100_-86.2500,0.0627906976744186,129,0.076617727470806
32.3100_-86.2550,0.027919708029197077,274,0.05848872761928149
32.3100_-86.2600,0.06581632653061224,196,0.07462622718159813
32.3100_-86.2650,0.061445783132530116,83,0.07421347800343972
32.3100_-86.2800,0.0375,36,0.07500000000000001
32.3100_-86.2850,0.07434782608695652,115,0.07790153968686064
32.3100_-86.2900,0.04846153846153846,65,0.07069367831600046
32.3100_-86.2950,0.0,2,0.0
32.3100_-86.3000,0.075,4,0.08660254037844387
32.3100_-86.3400,0.0798076923076923,156,0.07508679840881059
32.3100_-86.3450,0.05459558823529412,272,0.07230408099178073
32.3100_-86.3500,0.06206896551724137,87,0.08104173388022219
32.3100_-86.3550,0.12,10,0.06324555320336758
32.3100_-86.3600,0.0,146,0.0
32.3100_-86.3650,0.0,5,0.0
32.3100_-86.3700,0.0069767441860465115,43,0.0457495710997814
32.3100_-86.3750,0.016666666666666666,9,0.05
32.3100_-86.3800,0.0410958904109589,146,0.06712955346575786
32.3100_-86.3850,0.05075757575757575,198,0.07274133170526681
32.3100_-86.3900,0.048,25,0.07141428428542851
32.3100_-86.3950,0.01875,16,0.051234753829797995
32.3100_-86.4000,0.05,57,0.07133922984085063
32.3100_-86.4050,0.01824324324324324,74,0.04936190389825508
32.3100_-86.4100,0.06,5,0.08215838362577492
32.3150_-86.1300,0.03387096774193549,31,0.0637535577754862
32.3150_-86.1350,0.00967741935483871,31,0.037459655717206115
32.3150_-86.1400,0.06702127659574468,47,0.07538062528196547
32.3150_-86.1450,0.0,7,0.0
32.3150_-86.1750,0.024999999999999998,6,0.06123724356957946
32.3150_-86.1800,0.0,10,0.0
32.3150_-86.1850,0.0,1,0.0
32.3150_-86.1900,0.03,10,0.09486832980505139
32.3150_-86.1950,0.031578947368421054,19,0.06282808624375433
32.3150_-86.2000,0.0375,4,0.075
32.3150_-86.2050,0.05526315789473685,19,0.0743391941675028
32.3150_-86.2100,0.034931506849315064,146,0.06361789571845945
32.3150_-86.2150,0.0648,125,0.08376811311109704
32.3150_-86.2200,0.03333333333333333,9,0.06614378277661476
32.3150_-86.2250,0.060000000000000005,35,0.08295994781324582
32.3150_-86.2300,0.061764705882352944,17,0.07609494842938386
32.3150_-86.2350,0.08048780487804878,82,0.07525926281572519
32.3150_-86.2400,0.06464088397790055,181,0.07448719716458974
32.3150_-86.2450,0.061111111111111116,162,0.07393130939809446
32.3150_-86.2500,0.057931034482758624,145,0.07328498928957017
32.3150_-86.2550,0.06128048780487804,164,0.07396032336928646
32.3150_-86.2600,0.035555555555555556,270,0.06647431979395797
32.3150_-86.2650,0.05625,40,0.073543550676819
32.3150_-86.2700,0.1,21,0.07245688373094719
32.3150_-86.2800,0.034063745019920315,251,0.06296840414302021
32.3150_-86.2850,0.04815498154981549,271,0.07016059595736238
32.3150_-86.2900,0.06232876712328767,219,0.07409120120002129
32.3150_-86.2950,0.05412371134020619,194,0.07222234777242295
32.3150_-86.3000,0.0375,4,0.075
32.3150_-86.3350,0.0,1,0.0
32.3150_-86.3500,0.11666666666666667,9,0.09999999999999999
32.3150_-86.3550,0.0,5,0.0
32.3150_-86.3600,0.06428571428571428,7,0.08017837257372731
32.3150_-86.3650,0.04838709677419355,31,0.07127864449672372
32.3150_-86.3700,0.027121771217712178,271,0.057836134467861
32.3150_-86.3750,0.10657894736842105,38,0.06894088010907151
32.3150_-86.3800,0.045180722891566265,249,0.07524735735017542
32.3150_-86.3850,0.07409638554216867,166,0.07522146928505168
32.3150_-86.3900,0.04354838709677419,31,0.06921215630685958
32.3150_-86.3950,0.029999999999999995,15,0.062105900340811884
32.3150_-86.4000,0.03,40,0.06076436202502
32.3150_-86.4050,0.0,1,0.0
32.3150_-86.4100,0.0,2,0.0
32.3150_-86.4150,0.0,1,0.0
32.3200_-86.1300,0.0,4,0.0
32.3200_-86.1350,0.0435,100,0.07165257084774355
32.3200_-86.1400,0.06052631578947368,57,0.07947194142390263
32.3200_-86.1450,0.022702702702702703,185,0.053904537633100116
32.3200_-86.1500,0.04921875,64,0.07098635432250341
32.3200_-86.1650,0.016666666666666666,18,0.048507125007266595
32.3200_-86.1700,0.01,15,0.03872983346207417
32.3200_-86.1750,0.049999999999999996,3,0.08660254037844387
32.3200_-86.1800,0.010714285714285714,14,0.04008918628686366
32.3200_-86.1900,0.0,4,0.0
32.3200_-86.1950,0.04285714285714285,21,0.06943650748294136
32.3200_-86.2000,0.03571428571428571,21,0.06546536707079771
32.3200_-86.2050,0.06529411764705882,85,0.07830934134045868
32.3200_-86.2100,0.052597402597402594,154,0.07382903050185201
32.3200_-86.2150,0.07058823529411765,17,0.07717436331412897
32.3200_-86.2200,0.0,95,0.0
32.3200_-86.2250,0.04285714285714286,28,0.06900655593423542
32.3200_-86.2300,0.023376623376623374,77,0.05476289537178458
32.3200_-86.2350,0.06044776119402985,67,0.07412996032400851
32.3200_-86.2400,0.06796875,64,0.07986456169219057
32.3200_-86.2450,0.08072519083969465,262,0.07606616936333097
32.3200_-86.2500,0.06859756097560976,164,0.07495509653840858
32.3200_-86.2550,0.061946902654867256,339,0.07396454940564726
32.3200_-86.2600,0.0702755905511811,254,0.07499883289372326
32.3200_-86.2650,0.06367924528301887,212,0.0743161616976758
32.3200_-86.2700,0.07666666666666666,135,0.07526074079144858
32.3200_-86.2800,0.08863636363636364,22,0.07548544196102946
32.3200_-86.2850,0.0631578947368421,228,0.07422214293103653
32.3200_-86.2900,0.0714622641509434,212,0.07509383381685729
32.3200_-86.2950,0.08777777777777777,135,0.08474427437768872
32.3200_-86.3000,0.05357142857142857,42,0.0727448406877759
32.3200_-86.3050,0.075,6,0.08215838362577492
32.3200_-86.3100,0.06891891891891891,37,0.07578418860978352
32.3200_-86.3150,0.06509433962264151,53,0.08581336280891656
32.3200_-86.3200,0.08571428571428572,28,0.07559289460184543
32.3200_-86.3500,0.09,15,0.07606388292556648
32.3200_-86.3700,0.049999999999999996,6,0.07745966692414834
32.3200_-86.3800,0.0375,8,0.06943650748294136
32.3200_-86.3900,0.075,8,0.08017837257372731
32.3200_-86.3950,0.15,2,0.0
32.3200_-86.4450,0.0,1,0.0
32.3250_-86.1250,0.075,2,0.10606601717798213
32.3250_-86.1300,0.03857142857142857,35,0.06651593604467398
32.3250_-86.1350,0.0315,100,0.061404027111049864
32.3250_-86.1400,0.039375,80,0.06641533584529281
32.3250_-86.1450,0.024152542372881357,118,0.05536709305608428
32.3250_-86.1500,0.06543624161073826,149,0.07463861783464079
32.3250_-86.1550,0.045454545454545456,33,0.07000405832391564
32.3250_-86.1600,0.0,4,0.0
32.3250_-86.1650,0.032,75,0.06659681024745205
32.3250_-86.1700,0.004838709677419355,31,0.026940795304016236
32.3250_-86.1750,0.03,10,0.06324555320336758
32.3250_-86.1800,0.03333333333333333,27,0.06354889093022424
32.3250_-86.1850,0.0375,4,0.075
32.3250_-86.1900,0.0375,4,0.07500000000000001
32.3250_-86.1950,0.09,20,0.07539370349250518
32.3250_-86.2000,0.049999999999999996,39,0.0716350399411379
32.3250_-86.2050,0.08181818181818182,55,0.07537783614444091
32.3250_-86.2100,0.038235294117647055,51,0.06602138690918091
32.3250_-86.2150,0.065625,32,0.0756024193161278
32.3250_-86.2250,0.04517374517374517,259,0.06894743479910381
32.3250_-86.2300,0.041999999999999996,75,0.07214849551726914
32.3250_-86.2350,0.043750000000000004,24,0.06964584322313049
32.3250_-86.2400,0.02857142857142857,105,0.05918401180003982
32.3250_-86.2450,0.029640718562874254,167,0.05990848659201481
32.3250_-86.2500,0.056896551724137934,145,0.07303459265401521
32.3250_-86.2550,0.06543624161073826,149,0.07463861783464075
32.3250_-86.2600,0.069140625,128,0.07738875524891436
32.3250_-86.2650,0.058146067415730335,178,0.07500238046117526
32.3250_-86.2700,0.05142857142857142,140,0.07585077577055399
32.3250_-86.2750,0.03893129770992366,131,0.06600992825555103
32.3250_-86.2800,0.046460176991150445,113,0.07249286115077497
32.3250_-86.2850,0.08690987124463519,233,0.07550334279241007
32.3250_-86.2900,0.07330316742081448,221,0.07782523217215041
32.3250_-86.2950,0.08181818181818182,220,0.07485976927589245
32.3250_-86.3000,0.03123393316195373,389,0.060984358990229054
32.3250_-86.3050,0.12231308411214954,428,0.05915901737353155
32.3250_-86.3100,0.08106382978723405,470,0.07547247179001516
32.3250_-86.3150,0.07805755395683453,417,0.07502766506918138
32.3250_-86.3200,0.09214285714285714,70,0.08193126948396842
32.3250_-86.3250,0.06857142857142857,70,0.08348020184078905
32.3250_-86.3300,0.072,25,0.07648529270389176
32.3250_-86.3350,0.0,7,0.0
32.3250_-86.3400,0.0,6,0.0
32.3250_-86.3450,0.09,5,0.08215838362577492
32.3300_-86.1300,0.04821428571428571,28,0.07133922984085064
32.3300_-86.1350,0.03695652173913043,69,0.06510860492118233
32.3300_-86.1400,0.04193548387096774,93,0.06768305395316
32.3300_-86.1450,0.035416666666666666,72,0.06415073578228431
32.3300_-86.1500,0.023684210526315787,38,0.055430553221494795
32.3300_-86.1550,0.04285714285714286,14,0.07032108464077431
32.3300_-86.1600,0.0,1,0.0
32.3300_-86.1650,0.043220338983050846,59,0.07396272775144812
32.3300_-86.1700,0.038181818181818185,55,0.07198484689028785
32.3300_-86.1750,0.027777777777777776,27,0.05937710859953544
32.3300_-86.1800,0.075,30,0.08585272072085086
32.3300_-86.1850,0.023333333333333334,45,0.054979334960758415
32.3300_-86.1900,0.10851063829787233,47,0.06782261785762903
32.3300_-86.1950,0.08035714285714286,196,0.07500000000000001
32.3300_-86.2000,0.04085365853658536,246,0.06691208766998975
32.3300_-86.2050,0.056586826347305386,167,0.07475882874959873
32.3300_-86.2100,0.039473684210526314,57,0.06663924874789788
32.3300_-86.2150,0.03333333333333333,9,0.06614378277661476
32.3300_-86.2200,0.07058823529411765,51,0.07561512453751251
32.3300_-86.2250,0.04924242424242424,198,0.07061680260629809
32.3300_-86.2300,0.04396551724137931,116,0.06857403882373926
32.3300_-86.2350,0.0375,20,0.0666392487478979
32.3300_-86.2400,0.05294117647058823,34,0.0727606875108999
32.3300_-86.2450,0.007205240174672489,458,0.03360937621285206
32.3300_-86.2500,0.03402061855670103,194,0.06297725214470942
32.3300_-86.2550,0.07014925373134329,201,0.08487919422296786
32.3300_-86.2600,0.05598086124401914,209,0.07272260002931633
32.3300_-86.2650,0.06654929577464788,142,0.07478618007357377
32.3300_-86.2700,0.026999999999999996,50,0.05821319017374053
32.3300_-86.2750,0.07452229299363057,157,0.07897943468017979
32.3300_-86.2800,0.054878048780487805,164,0.08144016437903043
32.3300_-86.2850,0.06975524475524475,286,0.0749475340964122
32.3300_-86.2900,0.07212765957446808,235,0.07510494567042253
32.3300_-86.2950,0.0725206611570248,242,0.07511436361401076
32.3300_-86.3000,0.08139534883720931,129,0.07501816640452948
32.3300_-86.3050,0.11334164588528678,401,0.0645391779176361
32.3300_-86.3100,0.09705882352941177,612,0.07174132796413225
32.3300_-86.3150,0.08580931263858092,451,0.07429938837623119
32.3300_-86.3200,0.07673076923076923,260,0.07627225047457427
32.3300_-86.3250,0.041666666666666664,108,0.07346561278368434
32.3300_-86.3300,0.11249999999999999,4,0.07500000000000001
32.3300_-86.3350,0.05,15,0.07319250547113999
32.3300_-86.3400,0.08333333333333333,9,0.07905694150420949
32.3300_-86.3450,0.055714285714285716,70,0.07300131880030561
32.3300_-86.3500,0.15,1,0.0
32.3300_-86.3550,0.05454545454545454,22,0.07385489458759964
32.3300_-86.3700,0.09,5,0.08215838362577492
32.3300_-86.3800,0.042,25,0.08124038404635961
32.3300_-86.4050,0.0,1,0.0
32.3300_-86.4350,0.15,1,0.0
32.3350_-86.1250,0.06666666666666667,9,0.07905694150420949
32.3350_-86.1300,0.04615384615384615,13,0.07205766921228922
32.3350_-86.1350,0.05,15,0.07319250547113999
32.3350_-86.1400,0.012,50,0.04110712734268046
32.3350_-86.1450,0.03488372093023256,43,0.06411938615631876
32.3350_-86.1500,0.03636363636363636,33,0.06527912098338667
32.3350_-86.1550,0.00967741935483871,31,0.037459655717206115
32.3350_-86.1600,0.029032258064516127,31,0.06024144966768742
32.3350_-86.1650,0.03515625,64,0.0640434422872475
32.3350_-86.1700,0.03932038834951456,103,0.06629201791364772
32.3350_-86.1750,0.014705882352941176,51,0.0450489929377548
32.3350_-86.1800,0.04285714285714285,42,0.06858449352888188
32.3350_-86.1850,0.075,38,0.07600675645642975
32.3350_-86.1950,0.06075,200,0.07381858449662543
32.3350_-86.2000,0.05255474452554744,274,0.07169358074145522
32.3350_-86.2050,0.05226244343891402,221,0.07163254650964891
32.3350_-86.2100,0.0046875,32,0.026516504294495532
32.3350_-86.2150,0.08199999999999999,75,0.07517547040991064
32.3350_-86.2200,0.04921875,128,0.07070632816459702
32.3350_-86.2250,0.04778761061946902,226,0.07004423381168137
32.3350_-86.2300,0.07285714285714286,70,0.07551068370791822
32.3350_-86.2350,0.03461538461538462,91,0.06354889093022426
32.3350_-86.2400,0.0375,48,0.07256691702703451
32.3350_-86.2450,0.051219512195121955,82,0.07156780854205468
32.3350_-86.2500,0.045,230,0.0716843517666834
32.3350_-86.2550,0.06514285714285714,175,0.07959565302386538
32.3350_-86.2600,0.07374581939799331,299,0.0751152287590494
32.3350_-86.2650,0.06492537313432835,134,0.07683344224752711
32.3350_-86.2700,0.08039215686274509,153,0.07699865303795544
32.3350_-86.2750,0.04583333333333333,36,0.0700764888226735
32.3350_-86.2800,0.08299492385786801,197,0.07476265147608109
32.3350_-86.2850,0.06460396039603959,202,0.07446052467906074
32.3350_-86.2900,0.056801470588235294,272,0.07289271496184206
32.3350_-86.2950,0.05963855421686747,166,0.0736321040510724
32.3350_-86.3000,0.06565836298932384,281,0.0756189508288331
32.3350_-86.3050,0.09301310043668122,229,0.07562085020363479
32.3350_-86.3100,0.08816568047337277,507,0.07450752784261375
32.3350_-86.3150,0.09903381642512077,621,0.07161073412346594
32.3350_-86.3200,0.0886,750,0.07461543596588559
32.3350_-86.3250,0.009846827133479213,457,0.03718992500273545
32.3350_-86.3300,0.075,12,0.07833494518006404
32.3350_-86.3400,0.06666666666666667,36,0.07559289460184543
32.3350_-86.3450,0.06382978723404255,47,0.07496530187184171
32.3350_-86.3500,0.08571428571428572,28,0.07559289460184543
32.3350_-86.3550,0.116875,240,0.06384330484257343
32.3350_-86.3600,0.09782608695652174,23,0.07304771303365108
32.3350_-86.3650,0.07758620689655173,29,0.08617487089856438
32.3350_-86.3700,0.041666666666666664,18,0.06913328984437152
32.3350_-86.3750,0.06923076923076922,26,0.0762586691162691
32.3350_-86.3800,0.03333333333333333,9,0.06614378277661477
32.3350_-86.3850,0.03,5,0.0670820393249937
32.3350_-86.4050,0.0,7,0.0
32.3400_-86.1350,0.075,4,0.08660254037844387
32.3400_-86.1400,0.044444444444444446,27,0.06979824404521127
32.3400_-86.1450,0.023076923076923075,26,0.055191972660467985
32.3400_-86.1500,0.013953488372093023,43,0.044085389809826854
32.3400_-86.1550,0.01935483870967742,31,0.06413192049055175
32.3400_-86.1600,0.013235294117647057,34,0.04318533619218549
32.3400_-86.1650,0.03953974895397489,239,0.0662262918538387
32.3400_-86.1700,0.049999999999999996,81,0.07500000000000001
32.3400_-86.1750,0.010714285714285713,42,0.039099177032250985
32.3400_-86.1800,0.048,250,0.07011178681650045
32.3400_-86.1850,0.05454545454545454,165,0.07607325212963303
32.3400_-86.1900,0.05377358490566037,159,0.07410802280901879
32.3400_-86.1950,0.03234501347708895,371,0.0646583503161651
32.3400_-86.2000,0.06470588235294118,255,0.07677949152991574
32.3400_-86.2050,0.10933333333333332,225,0.0668286722041627
32.3400_-86.2100,0.015789473684210527,19,0.04729526514634586
32.3400_-86.2150,0.07977707006369426,314,0.07496717907852664
32.3400_-86.2200,0.0728744939271255,247,0.07512209869705021
32.3400_-86.2250,0.047663551401869154,107,0.07313181997549997
32.3400_-86.2300,0.04549180327868852,122,0.06923552399959267
32.3400_-86.2350,0.06480836236933797,287,0.08245711875467622
32.3400_-86.2400,0.05714285714285714,273,0.07630172856176066
32.3400_-86.2450,0.0893258426966292,89,0.07403619742471475
32.3400_-86.2500,0.04491017964071856,167,0.06890597980130007
32.3400_-86.2550,0.04076086956521739,184,0.06872346892985966
32.3400_-86.2600,0.0423469387755102,294,0.06763384182909316
32.3400_-86.2650,0.06360759493670885,158,0.07436541174660787
32.3400_-86.2700,0.031875,160,0.06155416390740453
32.3400_-86.2750,0.047619047619047616,126,0.07010196655077312
32.3400_-86.2800,0.044711538461538455,104,0.07204309296672444
32.3400_-86.2850,0.051506024096385536,166,0.07144073593804247
32.3400_-86.2900,0.04776536312849161,179,0.07007644883402425
32.3400_-86.2950,0.02470059880239521,668,0.05687304201628946
32.3400_-86.3000,0.08175965665236051,233,0.07485556612030897
32.3400_-86.3050,0.1006578947368421,228,0.0706296825133457
32.3400_-86.3100,0.06384615384615384,195,0.07590061952585896
32.3400_-86.3150,0.056971153846153845,208,0.0729764645709211
32.3400_-86.3200,0.09358600583090379,343,0.07455303879161661
32.3400_-86.3250,0.11316964285714284,224,0.06470524938926196
32.3400_-86.3300,0.05399999999999999,50,0.07273098320775917
32.3400_-86.3350,0.0901685393258427,178,0.07365728180449052
32.3400_-86.3400,0.08636363636363636,66,0.07920055096227091
32.3400_-86.3450,0.12,5,0.0670820393249937
32.3400_-86.3500,0.045,10,0.07245688373094719
32.3400_-86.3550,0.08333333333333333,18,0.07669649888473705
32.3400_-86.3600,0.08963414634146341,82,0.0740110956304713
32.3400_-86.3650,0.10965517241379309,145,0.0667438489998168
32.3400_-86.3700,0.07386363636363637,132,0.07970985291872498
32.3400_-86.3750,0.05294117647058823,17,0.07388882746078335
32.3400_-86.3800,0.0,2,0.0
32.3400_-86.4100,0.049999999999999996,3,0.08660254037844387
32.3400_-86.4150,0.0,5,0.0
32.3450_-86.1300,0.06455696202531645,79,0.07850849159288979
32.3450_-86.1350,0.06492537313432835,67,0.07930327545546101
32.3450_-86.1400,0.03913043478260869,23,0.06734666378173194
32.3450_-86.1450,0.026250000000000002,40,0.05772114663821891
32.3450_-86.1500,0.03837209302325581,43,0.066222217267324
32.3450_-86.1550,0.020833333333333332,36,0.06366766391639817
32.3450_-86.1600,0.012244897959183673,49,0.041496250137936605
32.3450_-86.1650,0.05660377358490566,106,0.07305427587567805
32.3450_-86.1700,0.03290322580645161,155,0.06227262789004327
32.3450_-86.1750,0.022,75,0.053423347462079294
32.3450_-86.1800,0.028899082568807338,109,0.05943155804573121
32.3450_-86.1850,0.058333333333333334,72,0.07782247765375384
32.3450_-86.1900,0.04927007299270073,137,0.07070688289668285
32.3450_-86.1950,0.03588709677419355,372,0.06501932654966323
32.3450_-86.2000,0.07058823529411765,119,0.07518670678629233
32.3450_-86.2050,0.10657894736842105,152,0.06825260117458198
32.3450_-86.2100,0.0,28,0.0
32.3450_-86.2150,0.003333333333333333,45,0.022360679774997897
32.3450_-86.2200,0.06891891891891891,111,0.07509208106598618
32.3450_-86.2250,0.02558139534883721,129,0.056636270632544235
32.3450_-86.2300,0.07074235807860262,229,0.07504308116846738
32.3450_-86.2350,0.06524163568773235,269,0.08403333768267604
32.3450_-86.2400,0.06908396946564885,393,0.0748616109116333
32.3450_-86.2450,0.0384375,160,0.06568982647173605
32.3450_-86.2500,0.04475806451612903,124,0.068910967771105
32.3450_-86.2550,0.06413427561837455,283,0.07540582632470118
32.3450_-86.2600,0.045,140,0.06898545358084843
32.3450_-86.2650,0.05454545454545454,110,0.07248709298126157
32.3450_-86.2700,0.048039215686274506,153,0.07229379772051324
32.3450_-86.2750,0.06428571428571428,133,0.07676494735787383
32.3450_-86.2800,0.05538461538461538,195,0.07257581012776794
32.3450_-86.2850,0.03225806451612903,93,0.06196298039710037
32.3450_-86.2900,0.055078125,128,0.07499077207009733
32.3450_-86.2950,0.042105263157894736,285,0.06751986776219399
32.3450_-86.3000,0.0801098901098901,455,0.07814612013016121
32.3450_-86.3050,0.0696629213483146,267,0.0749503510583137
32.3450_-86.3100,0.07019230769230769,156,0.07699577829940105
32.3450_-86.3150,0.07250922509225091,271,0.07509731284183185
32.3450_-86.3200,0.07885085574572127,409,0.07499280851470207
32.3450_-86.3250,0.09280936454849498,299,0.07400435625168102
32.3450_-86.3300,0.07731958762886598,388,0.07583152091085738
32.3450_-86.3350,0.07530991735537189,484,0.07569489690177518
32.3450_-86.3400,0.053246753246753244,231,0.07193188006612605
32.3450_-86.3450,0.07258064516129033,62,0.07557290441384501
32.3450_-86.3500,0.04285714285714286,7,0.07319250547113998
32.3450_-86.3550,0.15,2,0.0
32.3450_-86.3600,0.066,25,0.07599342076785331
32.3450_-86.3650,0.08006756756756757,148,0.07905476119445565
32.3450_-86.3700,0.05608695652173913,115,0.07289376615434794
32.3450_-86.3750,0.048648648648648644,37,0.07118684968143742
32.3450_-86.3800,0.0,3,0.0
32.3450_-86.3850,0.11249999999999999,4,0.1436140661634507
32.3450_-86.3900,0.058333333333333334,36,0.07416198487095663
32.3450_-86.3950,0.0409090909090909,11,0.07006490497453707
32.3450_-86.4000,0.03,5,0.0670820393249937
32.3450_-86.4050,0.05142857142857142,35,0.08088273491124476
32.3450_-86.4100,0.04,15,0.06866065623255951
32.3450_-86.4150,0.0,2,0.0
32.3500_-86.1300,0.07926829268292683,246,0.07503110355543655
32.3500_-86.1350,0.08195876288659792,291,0.07480511473280696
32.3500_-86.1400,0.0375,4,0.075
32.3500_-86.1450,0.01,30,0.03805621975536936
32.3500_-86.1500,0.026250000000000002,40,0.0577211466382189
32.3500_-86.1550,0.008823529411764706,17,0.03638034375544995
32.3500_-86.1600,0.023684210526315787,38,0.055430553221494795
32.3500_-86.1650,0.05229357798165138,109,0.07181036017697011
32.3500_-86.1700,0.03695652173913043,138,0.06487054706771392
32.3500_-86.1750,0.016375545851528384,229,0.046880386383240984
32.3500_-86.1800,0.04112903225806451,62,0.07272460603975994
32.3500_-86.1850,0.0,11,0.0
32.3500_-86.1900,0.06486486486486487,37,0.0753370803500884
32.3500_-86.1950,0.06066176470588235,136,0.08037138062475606
32.3500_-86.2000,0.08266666666666665,225,0.07477346741038181
32.3500_-86.2050,0.023356401384083045,289,0.05448127515541972
32.3500_-86.2100,0.005555555555555556,27,0.028867513459481287
32.3500_-86.2150,0.028037383177570093,107,0.06225994278913615
32.3500_-86.2200,0.06393442622950819,61,0.07479480125705239
32.3500_-86.2250,0.05125,120,0.07143854972320351
32.3500_-86.2300,0.05210526315789474,285,0.07154573151176621
32.3500_-86.2350,0.06455696202531645,237,0.07938531011413916
32.3500_-86.2400,0.05758928571428572,224,0.07714345771707283
32.3500_-86.2450,0.011138613861386138,202,0.044745722651237836
32.3500_-86.2500,0.06151685393258426,178,0.07398619696577714
32.3500_-86.2550,0.047368421052631574,247,0.06986600048025182
32.3500_-86.2600,0.04909090909090909,165,0.07059691644805312
32.3500_-86.2650,0.03780487804878049,246,0.06525975207900839
32.3500_-86.2700,0.03233532934131736,167,0.06186797162501201
32.3500_-86.2750,0.028124999999999997,96,0.06274950199005568
32.3500_-86.2800,0.01875,16,0.051234753829797995
32.3500_-86.2850,0.002857142857142857,105,0.020602197684969185
32.3500_-86.2900,0.05057471264367816,261,0.0722552578098446
32.3500_-86.2950,0.05260869565217391,345,0.07348572424867206
32.3500_-86.3000,0.04576271186440678,354,0.07187579915154417
32.3500_-86.3050,0.07048710601719198,349,0.07582908018849352
32.3500_-86.3100,0.06981818181818182,550,0.07543416312071607
32.3500_-86.3150,0.08368421052631578,285,0.07568075040728021
32.3500_-86.3200,0.06546610169491525,236,0.07582310681359745
32.3500_-86.3250,0.06338912133891213,239,0.07551378113736383
32.3500_-86.3300,0.07211538461538461,104,0.07530743560965983
32.3500_-86.3350,0.0410828025477707,314,0.06699940029138303
32.3500_-86.3400,0.07272727272727272,99,0.07833494518006401
32.3500_-86.3450,0.021875000000000002,192,0.053079265037897345
32.3500_-86.3500,0.023076923076923075,13,0.0563300712149108
32.3500_-86.3550,0.01730769230769231,182,0.0616522402271959
32.3500_-86.3600,0.06818181818181818,11,0.07833494518006402
32.3500_-86.3650,0.0017241379310344827,87,0.016081688022566924
32.3500_-86.3700,0.056666666666666664,90,0.08874910982304003
32.3500_-86.3750,0.08035714285714286,28,0.07618117502750549
32.3500_-86.3800,0.048,25,0.0714142842854285
32.3500_-86.3850,0.05087719298245614,171,0.07830439928489599
32.3500_-86.3900,0.15,2,0.0
32.3500_-86.4100,0.0,1,0.0
32.3500_-86.4150,0.06964285714285715,28,0.0761811750275055
32.3500_-86.4200,0.0,1,0.0
32.3550_-86.1300,0.031034482758620686,58,0.06129278756609544
32.3550_-86.1350,0.08977272727272727,132,0.08464984824423716
32.3550_-86.1400,0.013333333333333332,45,0.05372488842579048
32.3550_-86.1450,0.02368421052631579,57,0.06820744562800855
32.3550_-86.1500,0.023076923076923075,13,0.05633007121491081
32.3550_-86.1550,0.031034482758620686,29,0.06183762305923282
32.3550_-86.1600,0.04772727272727273,22,0.07150969419341942
32.3550_-86.1650,0.06363636363636364,33,0.07528355488659948
32.3550_-86.1700,0.015,40,0.045573271518764995
32.3550_-86.1750,0.029487179487179487,117,0.05986833475746004
32.3550_-86.1800,0.0075,20,0.03354101966249685
32.3550_-86.1850,0.03461538461538461,13,0.06577935144802718
32.3550_-86.1900,0.024999999999999998,6,0.06123724356957945
32.3550_-86.1950,0.0661764705882353,34,0.07559921058920675
32.3550_-86.2000,0.05526315789473684,209,0.07253018358148815
32.3550_-86.2050,0.061094224924012154,329,0.07381185043966386
32.3550_-86.2100,0.03488372093023256,215,0.06674585965048697
32.3550_-86.2150,0.07012987012987013,77,0.07533248244831055
32.3550_-86.2200,0.03840579710144928,207,0.07347722429775312
32.3550_-86.2250,0.07741935483870968,31,0.07620007620011429
32.3550_-86.2300,0.11447368421052631,76,0.06419542531659828
32.3550_-86.2350,0.06214285714285714,140,0.0741550554633385
32.3550_-86.2400,0.013907284768211922,302,0.043577151346930895
32.3550_-86.2450,0.02142857142857143,56,0.05296408977028497
32.3550_-86.2500,0.032327586206896554,116,0.06194468442115094
32.3550_-86.2550,0.02035714285714286,140,0.05155720039568981
32.3550_-86.2600,0.022058823529411766,102,0.05338702766922585
32.3550_-86.2650,0.057534246575342465,219,0.07450350934258693
32.3550_-86.2700,0.054705882352941174,255,0.07355840095521701
32.3550_-86.2750,0.04364548494983277,299,0.0682456680879262
32.3550_-86.2800,0.027857142857142858,70,0.05875256040409871
32.3550_-86.2850,0.045054945054945054,273,0.06888887513235101
32.3550_-86.2900,0.023975409836065574,244,0.05673720564097749
32.3550_-86.2950,0.022529644268774705,253,0.05369597793412021
32.3550_-86.3000,0.05013368983957219,374,0.07169890340410558
32.3550_-86.3050,0.03262987012987013,308,0.061985860665627994
32.3550_-86.3100,0.04417808219178082,146,0.0708349889124554
32.3550_-86.3150,0.0897902097902098,715,0.07400572060813296
32.3550_-86.3200,0.10346650998824912,851,0.0698087622642338
32.3550_-86.3250,0.10570175438596491,684,0.06895755010007885
32.3550_-86.3300,0.10118343195266272,507,0.07097973240795115
32.3550_-86.3350,0.07142857142857142,294,0.0760590752977814
32.3550_-86.3400,0.12,85,0.060356086212221736
32.3550_-86.3450,0.031578947368421054,19,0.08029550685469662
32.3550_-86.3500,0.0,3,0.0
32.3550_-86.3550,0.09,5,0.1341640786499874
32.3550_-86.3600,0.075,2,0.10606601717798213
32.3550_-86.3650,0.0,3,0.0
32.3550_-86.3700,0.0,1,0.0
32.3550_-86.3750,0.05999999999999999,15,0.07606388292556648
32.3550_-86.3800,0.013636363636363636,11,0.045226701686664546
32.3550_-86.3850,0.075,2,0.10606601717798213
32.3550_-86.3900,0.03333333333333333,9,0.06614378277661476
32.3550_-86.3950,0.0,1,0.0
32.3550_-86.4150,0.09736842105263158,57,0.07222302550803196
32.3550_-86.4200,0.15,3,0.0
32.3600_-86.1300,0.056249999999999994,8,0.07763237542601485
32.3600_-86.1350,0.015,10,0.047434164902525694
32.3600_-86.1400,0.0375,60,0.06550003234570297
32.3600_-86.1450,0.026785714285714284,168,0.05762070308004613
32.3600_-86.1500,0.018292682926829267,41,0.049694186733680944
32.3600_-86.1550,0.0527027027027027,74,0.07209767532393734
32.3600_-86.1600,0.02142857142857143,7,0.056694670951384085
32.3600_-86.1650,0.012499999999999999,12,0.04330127018922194
32.3600_-86.1700,0.024999999999999998,18,0.057522374163552784
32.3600_-86.1750,0.03679245283018868,53,0.0651558364144604
32.3600_-86.1800,0.030681818181818178,44,0.06120486860375882
32.3600_-86.1850,0.0,8,0.0
32.3600_-86.1900,0.012499999999999999,12,0.04330127018922193
32.3600_-86.1950,0.03461538461538461,13,0.0657793514480272
32.3600_-86.2000,0.061589403973509926,151,0.07403686212720245
32.3600_-86.2050,0.0528,125,0.07440733574657292
32.3600_-86.2100,0.03904109589041096,73,0.06627309625837044
32.3600_-86.2150,0.06171428571428571,175,0.0790927621507211
32.3600_-86.2200,0.07758620689655173,29,0.07628214415734116
32.3600_-86.2250,0.06874999999999999,48,0.07553004193062884
32.3600_-86.2300,0.05172413793103448,29,0.07255879219724619
32.3600_-86.2350,0.07058823529411765,68,0.07542679267711011
32.3600_-86.2400,0.03461538461538461,13,0.06577935144802718
32.3600_-86.2450,0.06831683168316831,101,0.07507422070099287
32.3600_-86.2500,0.07004716981132075,212,0.0750134120172746
32.3600_-86.2550,0.0409090909090909,88,0.06718710131470251
32.3600_-86.2600,0.05342465753424657,146,0.07207695462360311
32.3600_-86.2650,0.047656250000000004,192,0.07002039016791474
32.3600_-86.2700,0.07625,360,0.0750939522951695
32.3600_-86.2750,0.08305489260143198,419,0.07465534424654259
32.3600_-86.2800,0.08223684210526316,228,0.07481428432380041
32.3600_-86.2850,0.06326530612244897,294,0.07420259386013064
32.3600_-86.2900,0.0691449814126394,269,0.07602295769034813
32.3600_-86.2950,0.05227272727272727,198,0.07323133752410857
32.3600_-86.3000,0.05625,280,0.07274846190592224
32.3600_-86.3050,0.04383301707779886,527,0.0689058610792293
32.3600_-86.3100,0.07553191489361702,282,0.07618973816738105
32.3600_-86.3150,0.08610108303249096,554,0.07586723841691728
32.3600_-86.3200,0.12231160033869601,1181,0.058870652029707024
32.3600_-86.3250,0.11648044692737429,716,0.06252865889795016
32.3600_-86.3300,0.07375565610859729,663,0.07683651196816806
32.3600_-86.3350,0.06428571428571428,14,0.07703288865196432
32.3600_-86.3400,0.05294117647058823,34,0.0727606875108999
32.3600_-86.3450,0.075,154,0.07717436331412898
32.3600_-86.3500,0.06315789473684211,19,0.07608859102526822
32.3600_-86.3550,0.08571428571428572,7,0.08017837257372731
32.3600_-86.3600,0.08258426966292134,89,0.08464535762773084
32.3600_-86.3650,0.041379310344827586,29,0.0682288239221013
32.3600_-86.3700,0.05918367346938775,147,0.07562986838473704
32.3600_-86.3750,0.050381679389312976,262,0.07098005310600504
32.3600_-86.3950,0.075,2,0.10606601717798213
32.3600_-86.4150,0.075,2,0.10606601717798213
32.3600_-86.4200,0.0,1,0.0
32.3650_-86.1350,0.075,2,0.10606601717798213
32.3650_-86.1400,0.050806451612903224,62,0.07157017391176239
32.3650_-86.1450,0.065625,16,0.07685213074469699
32.3650_-86.1500,0.016666666666666666,9,0.05
32.3650_-86.1550,0.0,1,0.0
32.3650_-86.1600,0.15,1,0.0
32.3650_-86.1650,0.016666666666666666,18,0.048507125007266595
32.3650_-86.1700,0.0,4,0.0
32.3650_-86.1750,0.09,5,0.08215838362577492
32.3650_-86.1800,0.0,2,0.0
32.3650_-86.1900,0.04615384615384615,13,0.0720576692122892
32.3650_-86.1950,0.06409090909090909,110,0.07454197087000261
32.3650_-86.2000,0.07346938775510203,49,0.0757614408414158
32.3650_-86.2050,0.07325581395348837,43,0.07586708082883097
32.3650_-86.2100,0.05952380952380952,63,0.08321035472608293
32.3650_-86.2150,0.045,10,0.07245688373094719
32.3650_-86.2200,0.12,10,0.06324555320336758
32.3650_-86.2250,0.06666666666666667,18,0.07669649888473705
32.3650_-86.2300,0.15,1,0.0
32.3650_-86.2350,0.09130434782608696,23,0.0748516319021768
32.3650_-86.2400,0.04107142857142857,84,0.07120338859444954
32.3650_-86.2450,0.06455108359133126,323,0.07715053260023033
32.3650_-86.2500,0.073,150,0.07522449622439996
32.3650_-86.2550,0.05232558139534884,301,0.07264920492850685
32.3650_-86.2600,0.07450657894736841,304,0.08083569259614652
32.3650_-86.2650,0.05286343612334802,227,0.07181708471643333
32.3650_-86.2700,0.06897321428571428,224,0.08261054122483767
32.3650_-86.2750,0.08285714285714285,210,0.07619182899231916
32.3650_-86.2800,0.07469135802469135,243,0.07877816567944174
32.3650_-86.2850,0.011111111111111112,351,0.03933978962347214
32.3650_-86.2900,0.0,8,0.0
32.3650_-86.2950,0.05714285714285714,42,0.08082760076419543
32.3650_-86.3000,0.04096638655462185,238,0.06837714138895434
32.3650_-86.3050,0.08248081841432225,391,0.07472159620093549
32.3650_-86.3100,0.09,295,0.07360956015993286
32.3650_-86.3150,0.07045060658578856,577,0.07748972649522662
32.3650_-86.3200,0.10379746835443036,474,0.07068323401446938
32.3650_-86.3250,0.09412673879443585,647,0.07400194131227801
32.3650_-86.3300,0.08234265734265735,286,0.07685325318321645
32.3650_-86.3350,0.06649484536082474,97,0.07490328816093182
32.3650_-86.3400,0.075,16,0.09486832980505139
32.3650_-86.3450,0.11043956043956042,182,0.0681307175172769
32.3650_-86.3500,0.1082278481012658,79,0.0676673517775893
32.3650_-86.3550,0.12857142857142856,35,0.0644954561620136
32.3650_-86.3600,0.07105263157894737,114,0.08034624651654046
32.3650_-86.3650,0.043220338983050846,59,0.06851731917894421
32.3650_-86.3700,0.075,16,0.07745966692414834
32.3650_-86.3750,0.09642857142857143,14,0.09499855406649764
32.3650_-86.3800,0.010714285714285714,14,0.04008918628686366
32.3650_-86.3850,0.0,1,0.0
32.3650_-86.3950,0.06,5,0.0821583836257749
32.3650_-86.4000,0.11249999999999999,8,0.06943650748294136
32.3650_-86.4050,0.04285714285714286,7,0.07319250547113998
32.3700_-86.1200,0.05,15,0.09258200997725514
32.3700_-86.1250,0.15,1,0.0
32.3700_-86.1300,0.049999999999999996,6,0.07745966692414834
32.3700_-86.1350,0.004166666666666667,36,0.024999999999999998
32.3700_-86.1400,0.041379310344827586,29,0.07913479178550963
32.3700_-86.1450,0.03,10,0.06324555320336758
32.3700_-86.1500,0.01875,8,0.053033008588991064
32.3700_-86.1550,0.009999999999999998,45,0.037839373433213475
32.3700_-86.1600,0.038235294117647055,153,0.0740653840505204
32.3700_-86.1650,0.056896551724137934,174,0.07815517904247965
32.3700_-86.1700,0.010714285714285714,56,0.038980514612823154
32.3700_-86.1800,0.0,6,0.0
32.3700_-86.1900,0.07727272727272727,33,0.07612788283838283
32.3700_-86.1950,0.09868421052631579,38,0.07211743623298977
32.3700_-86.2000,0.03260869565217391,23,0.06326117517549748
32.3700_-86.2050,0.06147540983606557,61,0.0743827055520697
32.3700_-86.2100,0.04436619718309859,71,0.06894578396653825
32.3700_-86.2150,0.0725,120,0.07527261378851288
32.3700_-86.2200,0.04852941176470588,102,0.07051995095587396
32.3700_-86.2250,0.08571428571428572,77,0.07471751312053482
32.3700_-86.2300,0.08197674418604652,172,0.07489282427922567
32.3700_-86.2350,0.04598540145985401,137,0.06941414347758929
32.3700_-86.2400,0.042391304347826085,184,0.0695161979821677
32.3700_-86.2450,0.07217573221757322,239,0.07635247265720457
32.3700_-86.2500,0.06196473551637279,397,0.07471608730903126
32.3700_-86.2550,0.05621181262729124,491,0.07268261970454724
32.3700_-86.2650,0.0375,16,0.0670820393249937
32.3700_-86.2700,0.06569767441860465,258,0.07912272933912591
32.3700_-86.2750,0.06828644501278772,391,0.07632171983357883
32.3700_-86.2800,0.0742063492063492,378,0.07588578435565492
32.3700_-86.2850,0.016132723112128145,437,0.04652522996259382
32.3700_-86.2900,0.05651658767772511,422,0.07350375083560853
32.3700_-86.2950,0.0936695278969957,466,0.072717232687095
32.3700_-86.3000,0.06576086956521739,276,0.07778619221690145
32.3700_-86.3050,0.044021739130434785,276,0.06842742325240975
32.3700_-86.3100,0.0793103448275862,174,0.07509212997945591
32.3700_-86.3150,0.0586750788643533,317,0.07428229453937796
32.3700_-86.3200,0.07324766355140186,428,0.07916700025234281
32.3700_-86.3250,0.1162962962962963,405,0.06268427180555883
32.3700_-86.3300,0.09775280898876404,267,0.07506016848139804
32.3700_-86.3350,0.1213375796178344,157,0.06385174677249687
32.3700_-86.3400,0.04939024390243902,82,0.07473983784056268
32.3700_-86.3450,0.09696969696969696,297,0.07288163133967426
32.3700_-86.3500,0.036585365853658534,41,0.0733351810558057
32.3700_-86.3550,0.011538461538461537,13,0.041602514716892185
32.3700_-86.3600,0.0,1,0.0
32.3700_-86.3750,0.04,15,0.06866065623255951
32.3700_-86.4000,0.035,30,0.06452746007281145
32.3700_-86.4050,0.12857142857142856,7,0.056694670951384085
32.3750_-86.0800,0.0,1,0.0
32.3750_-86.1150,0.05543478260869565,46,0.07320311231207259
32.3750_-86.1200,0.039999999999999994,90,0.06670410933553636
32.3750_-86.1300,0.02727272727272727,22,0.05921565254637921
32.3750_-86.1350,0.017857142857142856,42,0.04916551013423518
32.3750_-86.1400,0.0031249999999999997,48,0.021650635094610966
32.3750_-86.1450,0.04285714285714286,49,0.06846531968814576
32.3750_-86.1500,0.028124999999999997,32,0.0594836654184399
32.3750_-86.1550,0.057692307692307696,26,0.07442084075352506
32.3750_-86.1600,0.029577464788732397,142,0.05989202150817443
32.3750_-86.1650,0.03805970149253731,134,0.06551677294214307
32.3750_-86.1700,0.006437768240343348,233,0.03046644194278275
32.3750_-86.1750,0.056249999999999994,8,0.07763237542601485
32.3750_-86.1800,0.0,93,0.0
32.3750_-86.1850,0.03488372093023256,43,0.06411938615631876
32.3750_-86.1900,0.054098360655737705,61,0.07262637374903434
32.3750_-86.1950,0.026785714285714284,56,0.057968867596233146
32.3750_-86.2000,0.031818181818181815,99,0.06163360527099886
32.3750_-86.2050,0.03461538461538461,104,0.06350480567279893
32.3750_-86.2100,0.07285714285714286,35,0.07606388292556648
32.3750_-86.2150,0.05196850393700787,127,0.07165879657871116
32.3750_-86.2200,0.023684210526315787,19,0.05619514869490164
32.3750_-86.2250,0.013636363636363636,11,0.045226701686664546
32.3750_-86.2300,0.01791044776119403,67,0.049006410014647526
32.3750_-86.2350,0.0423076923076923,156,0.07187665199309838
32.3750_-86.2400,0.008653846153846153,52,0.0353153216848064
32.3750_-86.2450,0.06428571428571428,112,0.07456437192014401
32.3750_-86.2500,0.06515957446808511,564,0.07548405826423783
32.3750_-86.2550,0.065205223880597,536,0.07499006071677049
32.3750_-86.2600,0.08525641025641026,234,0.07445465870828667
32.3750_-86.2650,0.08515037593984962,266,0.07558186826996864
32.3750_-86.2700,0.084375,288,0.07454128010052143
32.3750_-86.2750,0.07483516483516484,455,0.07639110237995779
32.3750_-86.2800,0.07481296758104738,401,0.07730800366987527
32.3750_-86.2850,0.047844827586206895,348,0.0709321147374229
32.3750_-86.2900,0.03,80,0.06492449363235513
32.3750_-86.2950,0.06529411764705882,85,0.07481068543638793
32.3750_-86.3000,0.03260869565217391,184,0.062039465056678955
32.3750_-86.3050,0.004702194357366771,638,0.029936967191023022
32.3750_-86.3100,0.0029076396807297604,1754,0.022471012418300393
32.3750_-86.3150,0.05855018587360595,269,0.07331018164739654
32.3750_-86.3200,0.020186915887850466,535,0.052054805971592136
32.3750_-86.3250,0.09536082474226804,291,0.07442276981477955
32.3750_-86.3300,0.08958333333333333,72,0.07408479154339417
32.3750_-86.3350,0.09439024390243901,205,0.07262746673235843
32.3750_-86.3400,0.04285714285714286,14,0.07032108464077431
32.3750_-86.3450,0.049999999999999996,9,0.07500000000000001
32.3750_-86.3500,0.023076923076923075,13,0.05633007121491081
32.3750_-86.3550,0.0,5,0.0
32.3750_-86.4000,0.075,2,0.10606601717798213
32.3750_-86.4050,0.15,1,0.0
32.3800_-86.1150,0.06923076923076922,13,0.07783117824941561
32.3800_-86.1200,0.03181818181818182,33,0.06227231254009208
32.3800_-86.1250,0.022277227722772276,101,0.053607484330433025
32.3800_-86.1300,0.0,6,0.0
32.3800_-86.1350,0.05604395604395604,91,0.07952468688511653
32.3800_-86.1400,0.015,10,0.047434164902525694
32.3800_-86.1450,0.02441860465116279,86,0.05570098005606874
32.3800_-86.1500,0.06315789473684211,190,0.07584114779753881
32.3800_-86.1550,0.05892857142857143,28,0.07460211920901572
32.3800_-86.1600,0.017088607594936706,79,0.047962375711945164
32.3800_-86.1650,0.0475609756097561,41,0.07066754869828436
32.3800_-86.1700,0.04029850746268657,201,0.07611117163571451
32.3800_-86.1750,0.016666666666666666,45,0.04767312946227962
32.3800_-86.1800,0.049999999999999996,66,0.07125253031944254
32.3800_-86.1850,0.005119453924914676,293,0.027280934377742615
32.3800_-86.1900,0.045,80,0.06917232196899478
32.3800_-86.1950,0.04732620320855615,187,0.07160461560798359
32.3800_-86.2000,0.06020408163265306,147,0.07583751003581041
32.3800_-86.2050,0.026373626373626374,91,0.0616173944329302
32.3800_-86.2100,0.05204081632653061,49,0.07213932098830056
32.3800_-86.2150,0.0359375,96,0.06436046718943318
32.3800_-86.2200,0.066,75,0.07495944849662996
32.3800_-86.2250,0.04468085106382979,94,0.07238936129967877
32.3800_-86.2300,0.034239130434782605,92,0.0633017142217442
32.3800_-86.2350,0.04642857142857142,126,0.07461328874364712
32.3800_-86.2400,0.04722222222222222,108,0.06999109867748185
32.3800_-86.2450,0.010531914893617022,470,0.03836662499060495
32.3800_-86.2500,0.06910714285714285,280,0.07806524212253346
32.3800_-86.2550,0.06997767857142857,448,0.07491531052594298
32.3800_-86.2600,0.06795302013422819,596,0.07473091993428695
32.3800_-86.2650,0.07125813449023861,461,0.07563744014814677
32.3800_-86.2700,0.0770886075949367,395,0.07582292855231317
32.3800_-86.2750,0.06644100580270794,517,0.07458218829847713
32.3800_-86.2800,0.05,441,0.0707909855586404
32.3800_-86.2850,0.04946524064171123,561,0.07058226674537446
32.3800_-86.2900,0.020200573065902578,698,0.05370320584638327
32.3800_-86.2950,0.0026817640047675805,1678,0.02054609347426896
32.3800_-86.3000,0.0019823788546255504,1816,0.017843263672046222
32.3800_-86.3050,0.020454545454545454,242,0.06149081502102738
32.3800_-86.3100,0.01530777537796976,3704,0.046862250480930706
32.3800_-86.3150,0.002660300136425648,733,0.022703614656900566
32.3800_-86.3200,0.026250000000000002,40,0.05772114663821891
32.3800_-86.3250,0.015789473684210527,19,0.04729526514634586
32.3800_-86.3300,0.02727272727272727,11,0.06067798762169179
32.3800_-86.3350,0.0,1,0.0
32.3800_-86.3450,0.0375,4,0.075
32.3800_-86.3550,0.0,2,0.0
32.3800_-86.3800,0.075,4,0.08660254037844387
32.3800_-86.3850,0.08571428571428572,14,0.07703288865196431
32.3800_-86.4000,0.15,2,0.21213203435596426
32.3850_-86.1400,0.0375,16,0.0670820393249937
32.3850_-86.1450,0.03,40,0.060764362025019995
32.3850_-86.1500,0.05672268907563025,119,0.07304641250019243
32.3850_-86.1550,0.08571428571428572,14,0.07703288865196431
32.3850_-86.1600,0.05337423312883435,163,0.0739387539249209
32.3850_-86.1650,0.0375,4,0.07500000000000001
32.3850_-86.1700,0.044444444444444446,27,0.06979824404521127
32.3850_-86.1750,0.04877300613496932,163,0.07048135210981948
32.3850_-86.1800,0.06976744186046512,43,0.07570268826116268
32.3850_-86.1850,0.06666666666666667,117,0.07485618395204281
32.3850_-86.1900,0.07317073170731707,82,0.07543909404658242
32.3850_-86.1950,0.12343749999999999,288,0.057360552768756366
32.3850_-86.2000,0.10363636363636362,165,0.06952882284497865
32.3850_-86.2050,0.09029126213592233,103,0.07378368370937254
32.3850_-86.2100,0.016666666666666666,9,0.05
32.3850_-86.2150,0.03,5,0.0670820393249937
32.3850_-86.2200,0.0453781512605042,119,0.06919378236942318
32.3850_-86.2250,0.05741626794258373,209,0.07878295356575081
32.3850_-86.2300,0.06683168316831684,202,0.07473909102672514
32.3850_-86.2350,0.0670391061452514,179,0.07478548822221284
32.3850_-86.2400,0.057,200,0.07299067194480932
32.3850_-86.2450,0.045418326693227096,251,0.06905739861006092
32.3850_-86.2500,0.09121621621621621,222,0.07339139547940601
32.3850_-86.2550,0.08274021352313167,281,0.0747326194697562
32.3850_-86.2600,0.06699029126213592,309,0.07757068353698716
32.3850_-86.2650,0.07268041237113401,194,0.07515807816051735
32.3850_-86.2700,0.05308641975308642,486,0.0724443671423842
32.3850_-86.2750,0.08141762452107279,783,0.07477268567290221
32.3850_-86.2800,0.06835443037974684,395,0.07479973906254256
32.3850_-86.2850,0.06596858638743455,382,0.07533985332334976
32.3850_-86.2900,0.049468085106382974,94,0.07423251789089998
32.3850_-86.2950,0.0,106,0.0
32.3850_-86.3000,0.005943152454780361,1161,0.029272681274850425
32.3850_-86.3050,0.12216494845360824,291,0.05841398281098594
32.3850_-86.3100,0.009375,32,0.053033008588991064
32.3850_-86.3150,0.006818181818181818,66,0.03148426180266485
32.3850_-86.3350,0.0,1,0.0
32.3850_-86.3800,0.0923076923076923,13,0.07595545253127499
32.3850_-86.3850,0.01875,40,0.050239809529281275
32.3850_-86.3900,0.075,4,0.08660254037844387
32.3850_-86.3950,0.049999999999999996,3,0.08660254037844387
32.3850_-86.4000,0.05357142857142857,28,0.10177004891982147
32.3850_-86.4050,0.06,5,0.0821583836257749
32.3900_-86.1450,0.06,5,0.08215838362577492
32.3900_-86.1500,0.05,84,0.07484924607872957
32.3900_-86.1550,0.03103448275862069,58,0.06742610393484878
32.3900_-86.1600,0.04556962025316455,79,0.06942523806673748
32.3900_-86.1650,0.075,2,0.10606601717798213
32.3900_-86.1700,0.05217391304347826,69,0.07196546486331015
32.3900_-86.1750,0.05663265306122449,98,0.07309002890167349
32.3900_-86.1800,0.053684210526315786,95,0.07228861526531327
32.3900_-86.1850,0.05789473684210526,57,0.07367246146931274
32.3900_-86.1900,0.06086956521739131,138,0.0739251768188132
32.3900_-86.1950,0.06052631578947368,228,0.07375208029934704
32.3900_-86.2000,0.058980582524271845,206,0.07344770571488918
32.3900_-86.2050,0.07735849056603773,159,0.07519975786209233
32.3900_-86.2100,0.03857142857142857,35,0.06651593604467398
32.3900_-86.2150,0.0787128712871287,101,0.07821334114250116
32.3900_-86.2200,0.06714801444043321,277,0.0747228437271124
32.3900_-86.2250,0.07987012987012987,385,0.07571694662685167
32.3900_-86.2300,0.07431192660550458,218,0.07516944879547663
32.3900_-86.2350,0.052397260273972596,292,0.07270714967911503
32.3900_-86.2400,0.06798029556650245,203,0.07632888457009042
32.3900_-86.2450,0.07420494699646643,283,0.0751286393974358
32.3900_-86.2500,0.07009803921568628,306,0.07496222127907859
32.3900_-86.2550,0.07219626168224298,214,0.07512330261834879
32.3900_-86.2600,0.055491329479768786,346,0.07252318917479038
32.3900_-86.2650,0.060251046025104595,239,0.07368981484524469
32.3900_-86.2700,0.052963917525773195,388,0.07258767299561439
32.3900_-86.2750,0.03978494623655914,279,0.06633756861672811
32.3900_-86.2800,0.06781326781326781,407,0.07548454003385517
32.3900_-86.2850,0.07394366197183098,71,0.07552632224670201
32.3900_-86.2950,0.010830324909747292,277,0.04288124084256889
32.3900_-86.3000,0.09246575342465753,146,0.07731317096905614
32.3900_-86.3050,0.0890625,64,0.07891564212137267
32.3900_-86.3100,0.01875,8,0.053033008588991064
32.3900_-86.3150,0.0,9,0.0
32.3900_-86.3500,0.15,3,0.0
32.3900_-86.3600,0.075,2,0.10606601717798213
32.3900_-86.3850,0.04285714285714286,7,0.07319250547113999
32.3900_-86.3900,0.03345323741007194,139,0.07003841834158632
32.3900_-86.3950,0.05999999999999999,45,0.08699529767856318
32.3950_-86.1500,0.02441860465116279,43,0.05603155257282213
32.3950_-86.1550,0.024074074074074074,81,0.060265615772548485
32.3950_-86.1600,0.03243243243243243,111,0.06202955624269649
32.3950_-86.1650,0.023076923076923075,13,0.0563300712149108
32.3950_-86.1750,0.09,10,0.07745966692414834
32.3950_-86.1800,0.0409090909090909,22,0.06837634587578277
32.3950_-86.1850,0.15,1,0.0
32.3950_-86.1900,0.0665625,160,0.07475786385088307
32.3950_-86.1950,0.06085526315789474,456,0.07440262383664135
32.3950_-86.2000,0.061861313868613134,274,0.0739753134232605
32.3950_-86.2050,0.03479381443298969,194,0.06347623081625879
32.3950_-86.2100,0.009375,32,0.03689020326284735
32.3950_-86.2150,0.078,125,0.07524154651906513
32.3950_-86.2200,0.0724390243902439,410,0.07577732427548152
32.3950_-86.2250,0.06136363636363636,132,0.0740308655175079
32.3950_-86.2300,0.05798319327731092,119,0.07837956141331544
32.3950_-86.2350,0.05307692307692307,130,0.07200178888654263
32.3950_-86.2400,0.07079439252336447,214,0.07645198417243033
32.3950_-86.2450,0.06951219512195121,369,0.07490051726620071
32.3950_-86.2500,0.06385135135135135,296,0.07429235559505819
32.3950_-86.2550,0.07846975088967972,281,0.07505336179970704
32.3950_-86.2600,0.035542168674698796,249,0.06390996083291697
32.3950_-86.2650,0.04324324324324324,111,0.0682530340605944
32.3950_-86.2700,0.0665625,160,0.07475786385088305
32.3950_-86.2750,0.04570815450643777,233,0.06919201651010502
32.3950_-86.2800,0.07051282051282051,117,0.07518765207048747
32.3950_-86.2850,0.03,5,0.0670820393249937
32.3950_-86.2900,0.07682926829268293,41,0.07590912410212108
32.3950_-86.2950,0.05802469135802469,243,0.07811973888009101
32.3950_-86.3000,0.08161764705882353,136,0.07717436331412898
32.3950_-86.3050,0.0,1,0.0
32.3950_-86.3100,0.008021390374331552,187,0.03383768294821289
32.3950_-86.3150,0.029268292682926828,41,0.0688981220318246
32.3950_-86.3200,0.0,5,0.0
32.3950_-86.3900,0.04883720930232558,43,0.0782915583336562
32.3950_-86.3950,0.02894736842105263,57,0.05972210079449877
32.3950_-86.4000,0.10555555555555556,27,0.06979824404521127
32.3950_-86.4150,0.0,1,0.0
32.3950_-86.4200,0.0,2,0.0
32.4000_-86.1550,0.043750000000000004,24,0.06964584322313047
32.4000_-86.1600,0.03260869565217391,23,0.06326117517549748
32.4000_-86.1850,0.0375,12,0.06784005252999681
32.4000_-86.1900,0.056986899563318774,229,0.07691476715542471
32.4000_-86.1950,0.06968503937007874,127,0.0751077216654072
32.4000_-86.2000,0.049999999999999996,186,0.07090153049848098
32.4000_-86.2050,0.0478021978021978,91,0.07028200651347713
32.4000_-86.2100,0.05999999999999999,30,0.07474093186836596
32.4000_-86.2150,0.032278481012658226,79,0.06652451576421355
32.4000_-86.2200,0.009397163120567376,846,0.03780661714085114
32.4000_-86.2250,0.0012,250,0.013389440183731916
32.4000_-86.2300,0.0,5,0.0
32.4000_-86.2350,0.057692307692307696,13,0.075955452531275
32.4000_-86.2400,0.04733333333333334,225,0.06986594306241059
32.4000_-86.2450,0.06086956521739131,276,0.07809996634495435
32.4000_-86.2500,0.0651219512195122,205,0.07452864797326665
32.4000_-86.2550,0.051237623762376235,202,0.07131286941064098
32.4000_-86.2600,0.057430730478589424,397,0.0737792801846566
32.4000_-86.2650,0.09155844155844156,77,0.07362895838818294
32.4000_-86.2700,0.08297872340425531,47,0.07538062528196547
32.4000_-86.2750,0.07557692307692307,260,0.07514242491019316
32.4000_-86.2800,0.026727272727272725,275,0.058915210181327726
32.4000_-86.2850,0.05721649484536082,97,0.07323965040708875
32.4000_-86.2900,0.08297872340425531,141,0.07484025540968735
32.4000_-86.2950,0.03333333333333333,9,0.06614378277661477
32.4000_-86.3000,0.09,35,0.08295994781324582
32.4000_-86.3100,0.10500000000000001,20,0.0856860855866219
32.4000_-86.3150,0.15,2,0.0
32.4000_-86.3200,0.0,4,0.0
32.4000_-86.4000,0.09,25,0.09682458365518543
32.4000_-86.4050,0.075,70,0.08373093553291634
32.4000_-86.4100,0.057692307692307696,13,0.075955452531275
32.4050_-86.1650,0.07241379310344828,29,0.07628214415734116
32.4050_-86.1700,0.056249999999999994,8,0.11160357137142675
32.4050_-86.1750,0.04473684210526316,57,0.06923317905965871
32.4050_-86.1800,0.0525,60,0.07214920979869613
32.4050_-86.1850,0.07670454545454546,88,0.07876520602557187
32.4050_-86.1900,0.08588709677419355,248,0.07557083275978103
32.4050_-86.1950,0.08927125506072875,247,0.07377919226326651
32.4050_-86.2000,0.08983050847457626,177,0.07372765128460644
32.4050_-86.2050,0.10760869565217392,46,0.0875388112682647
32.4050_-86.2100,0.10714285714285714,70,0.0682523632789935
32.4050_-86.2150,0.06363636363636364,33,0.07528355488659948
32.4050_-86.2200,0.0,1,0.0
32.4050_-86.2250,0.0,2,0.0
32.4050_-86.2300,0.049999999999999996,3,0.08660254037844387
32.4050_-86.2350,0.0,4,0.0
32.4050_-86.2400,0.0,1,0.0
32.4050_-86.2450,0.049999999999999996,3,0.08660254037844387
32.4050_-86.2500,0.078,25,0.07648529270389176
32.4050_-86.2550,0.04,30,0.06746646676632055
32.4050_-86.2600,0.075,60,0.0756329226134416
32.4050_-86.2650,0.02920353982300885,226,0.061183027318517075
32.4050_-86.2700,0.0009316770186335404,322,0.016718346377260582
32.4050_-86.2750,0.0767578125,256,0.07629172556513505
32.4050_-86.2800,0.05675675675675675,222,0.07291180021264225
32.4050_-86.2850,0.061861313868613134,274,0.07397531342326048
32.4050_-86.2900,0.08571428571428572,70,0.08687107603185122
32.4050_-86.2950,0.15,1,0.0
32.4050_-86.3050,0.1027972027972028,143,0.06990341016491207
32.4050_-86.3100,0.0857142857142857,42,0.0751305484016714
32.4050_-86.3150,0.05217391304347826,23,0.08591520776266089
32.4050_-86.3200,0.0375,8,0.06943650748294136
32.4100_-86.1800,0.06666666666666667,9,0.07905694150420949
32.4100_-86.1850,0.09729729729729729,37,0.07259662712736915
32.4100_-86.1900,0.041803278688524584,61,0.06781121334807176
32.4100_-86.1950,0.07279411764705883,136,0.08161963431602931
32.4100_-86.2000,0.055102040816326525,147,0.07255953952877912
32.4100_-86.2050,0.04285714285714286,7,0.07319250547113998
32.4100_-86.2100,0.075,8,0.08017837257372731
32.4100_-86.2150,0.075,8,0.11338934190276816
32.4100_-86.2200,0.0,3,0.0
32.4100_-86.2250,0.0,37,0.0
32.4100_-86.2300,0.0,2,0.0
32.4100_-86.2350,0.0,1,0.0
32.4100_-86.2400,0.075,2,0.10606601717798213
32.4100_-86.2450,0.01643835616438356,73,0.04718079479258773
32.4100_-86.2500,0.0818181818181818,11,0.07833494518006402
32.4100_-86.2550,0.11249999999999999,8,0.06943650748294136
32.4100_-86.2600,0.08709677419354837,31,0.07524154651906514
32.4100_-86.2650,0.0016574585635359116,362,0.019266718455943795
32.4100_-86.2700,0.0,9,0.0
32.4100_-86.2750,0.08703703703703704,243,0.07664630224207115
32.4100_-86.2800,0.08463035019455253,257,0.07452426941283964
32.4100_-86.2850,0.058124999999999996,160,0.07330634866583509
32.4100_-86.2900,0.06191860465116279,172,0.07406599161444534
32.4100_-86.3000,0.11571428571428571,35,0.08204323516887171
32.4100_-86.3050,0.05985915492957746,213,0.07645740504408284
32.4100_-86.3100,0.07258064516129033,31,0.07620007620011429
32.4100_-86.3200,0.0,162,0.0
32.4100_-86.3250,0.0,2,0.0
32.4150_-86.1950,0.06874999999999999,48,0.07553004193062886
32.4150_-86.2000,0.0,6,0.0
32.4150_-86.2050,0.15,1,0.0
32.4150_-86.2100,0.0,1,0.0
32.4150_-86.2150,0.0,1,0.0
32.4150_-86.2200,0.013636363636363636,11,0.045226701686664546
32.4150_-86.2250,0.0,48,0.0
32.4150_-86.2300,0.0,6,0.0
32.4150_-86.2350,0.007692307692307692,117,0.03862696519684535
32.4150_-86.2400,0.049999999999999996,6,0.07745966692414834
32.4150_-86.2500,0.049999999999999996,3,0.08660254037844387
32.4150_-86.2600,0.024999999999999998,6,0.06123724356957945
32.4150_-86.2650,0.029464285714285714,56,0.060133779430295485
32.4150_-86.2700,0.0801980198019802,101,0.07519282143954703
32.4150_-86.2750,0.08587570621468926,1062,0.07424223283232187
32.4150_-86.2800,0.0861878453038674,1267,0.07466770670126811
32.4150_-86.2850,0.07490996398559424,833,0.07540450410646546
32.4150_-86.2900,0.07959183673469387,245,0.07501254495283506
32.4150_-86.2950,0.12399999999999999,75,0.09349085805863877
32.4150_-86.3000,0.0,3,0.0
32.4150_-86.3050,0.0,1,0.0
32.4200_-86.1950,0.0,2,0.0
32.4200_-86.2100,0.0,1,0.0
32.4200_-86.2150,0.08275862068965517,29,0.07591802683177136
32.4200_-86.2200,0.061764705882352944,17,0.07609494842938384
32.4200_-86.2250,0.01875,8,0.053033008588991064
32.4200_-86.2300,0.009375,16,0.037500000000000006
32.4200_-86.2350,0.024999999999999998,6,0.06123724356957945
32.4200_-86.2600,0.049999999999999996,3,0.08660254037844387
32.4200_-86.2650,0.04821428571428571,28,0.07133922984085063
32.4200_-86.2700,0.06470588235294117,51,0.07502940599995367
32.4200_-86.2750,0.001948051948051948,770,0.02014505015171179
32.4200_-86.2800,0.09935691318327974,311,0.07104908304864832
32.4200_-86.2850,0.104296875,768,0.07034854845148382
32.4200_-86.2900,0.10384615384615384,923,0.06926830285739786
32.4200_-86.2950,0.08243243243243244,222,0.07479947511389647
32.4200_-86.3000,0.07417582417582418,91,0.07541096198042554
32.4250_-86.2000,0.09642857142857142,14,0.07458677371482703
32.4250_-86.2050,0.08684210526315789,19,0.07608859102526822
32.4250_-86.2100,0.0891304347826087,69,0.07419646278303346
32.4250_-86.2150,0.09375,8,0.07763237542601485
32.4250_-86.2200,0.0,2,0.0
32.4250_-86.2250,0.06857142857142857,35,0.07581490064402818
32.4250_-86.2300,0.07,15,0.07745966692414834
32.4250_-86.2350,0.075,4,0.08660254037844387
32.4250_-86.2550,0.06666666666666667,9,0.07905694150420949
32.4250_-86.2650,0.1125,20,0.06663924874789788
32.4250_-86.2700,0.07137931034482758,290,0.07504204763342709
32.4250_-86.2750,0.08238341968911916,193,0.07482979391255076
32.4250_-86.2800,0.06570247933884298,121,0.07473092227319059
32.4250_-86.2850,0.03461538461538461,78,0.06360781434661975
32.4250_-86.2900,0.07826086956521738,138,0.07520204457810564
32.4250_-86.2950,0.05564516129032258,186,0.07431025467210634
32.4250_-86.3000,0.0375,4,0.07500000000000001
32.4300_-86.2000,0.09473684210526315,19,0.07433919416750281
32.4300_-86.2050,0.075,6,0.0821583836257749
32.4300_-86.2100,0.049999999999999996,3,0.08660254037844387
32.4300_-86.2150,0.075,2,0.10606601717798213
32.4300_-86.2200,0.07352941176470588,51,0.07573172464461018
32.4300_-86.2250,0.0,2,0.0
32.4300_-86.2300,0.02,15,0.05277986629117476
32.4300_-86.2700,0.056249999999999994,24,0.07418030325702603
32.4300_-86.2750,0.08368421052631578,95,0.07489073788113412
32.4300_-86.2800,0.061631419939577034,331,0.07391065518035801
32.4300_-86.2850,0.04035532994923857,197,0.0666882454113057
32.4300_-86.2900,0.053105590062111796,161,0.07195689703604442
32.4300_-86.2950,0.047368421052631574,38,0.07066036813141134
32.4350_-86.2200,0.013636363636363636,11,0.045226701686664546
32.4350_-86.2750,0.0,2,0.0
32.4350_-86.2800,0.05357142857142857,56,0.08783100656536799
32.4350_-86.2850,0.01744186046511628,301,0.04816396414188168
32.4350_-86.2900,0.15,1,0.0
